type,postId,code,username,fullName,isVerified,text,likeCount,replyCount,repostCount,quoteCount,mediaType,media,hashtags,mentions,urls,isReply,isRepost,repostedFrom,timestamp,date,url,scrapedAt,searchQuery
post,3949661476008081806,DbQBC-sgbmO,fariz.gamal,Fariz Egia Gamal,True,"Ga sabar menunggu bocor alus tempo edisi interview jokowi. Kok bisa bisanya jokowi ngundang tempo, udah empet banget kali ya ama prabowo 🤣🤣🤣 asli layak pay per view itu podcastnya.",11413,143,385,4,text,[],[],[],[],False,False,,1785056360,2026-07-26T08:59:20.000Z,https://www.threads.com/t/DbQBC-sgbmO,2026-08-30T01:17:31.870Z,Jokowi
post,3971937907258889196,DcfKHuAExPs,destharrumi94,Desta Selvya,False,"Banyak yang ingin menjatuhkan beliau, tapi semakin ditekan, Pak Jokowi justru semakin bersinar. 🇮🇩
Waktu dan karya yang akan membuktikan semuanya. 🔥

#jokowidodo #jokowi",514,568,1,0,photo,"[{'type': 'photo', 'url': 'https://scontent-dfw6-2.cdninstagram.com/v/t39.30808-6/786303379_4238364729641248_3157121360364826877_n.jpg?stp=dst-jpg_e35_tt6&_nc_cat=109&ig_cache_key=Mzk3MTkzNzkwNzI1ODg4OTE5Ng%3D%3D.3-ccb7-5&ccb=7-5&_nc_sid=58cdad&efg=eyJ2ZW5jb2RlX3RhZyI6IkZFRUQueHBpZHMuODg3LnNkci5yZWd1bGFyX3Bob3RvLkMzIn0%3D&_nc_ohc=ynOtWsnmoikQ7kNvwEX4uo3&_nc_oc=AdosEo5Iw1HQF0Ky--LZ2DXuzQCFHI7x68Q80ZS2y278JH3SoiEdCO6309KoX3_dUWU&_nc_ad=z-m&_nc_cid=0&_nc_zt=23&_nc_ht=scontent-dfw6-2.cdninstagram.com&_nc_gid=nHR7Bzd4S2yfFBvFqGyAlA&_nc_ss=7a22e&oh=00_AQJLznPs0cqqVBZ6_JOV2VKJ85yjloui72zMooYIql6Sqg&oe=6A99518D', 'width': 887, 'height': 1167}]","['jokowidodo', 'jokowi']",[],[],False,False,,1787711918,2026-08-26T02:38:38.000Z,https://www.threads.com/t/DcfKHuAExPs,2026-08-30T01:17:31.870Z,Jokowi
post,3974359189728852761,DcnwqBBmPsZ,angjo.kafe,Angkringan Jogja,False,"Saya sempat menjadi pendukung Jokowi 9 th sebelum tahu dia itu jahat. 

Liciknya Jokowi. Kita dibuat percaya bahwa dia orang baik & sederhana.
Revisi UU KPK seolah merupakan inisiatif DPR, padahal pemerintah ikut membahasnya. Informasi dr Hasto Kriyanto, waktu itu Jokowi menyiapkan USD 3jt utk memuluskan revisi UU KPK, Jokowi itu licik dan jahat seolah olah bukan dia yg initiatif revisi UU KPK

Yg terlihat di dpn layar blm tentu sama dg permainan di belakang layar. Stop menilai Jokowi orang baik",343,332,22,4,text,[],[],[],[],False,False,,1788000557,2026-08-29T10:49:17.000Z,https://www.threads.com/t/DcnwqBBmPsZ,2026-08-30T01:17:31.871Z,Jokowi
post,3974400143583782168,Dcn59-RkqUY,evi_oktavia76,Evelyn,False,"Justru saya lihat nya kinerja Jokowi sgt pro rakyat dan saya puas atas kinerja beliau,",85,6,0,0,text,[],[],[],[],True,False,,1788005439,2026-08-29T12:10:39.000Z,https://www.threads.com/t/Dcn59-RkqUY,2026-08-30T01:17:31.871Z,Jokowi
post,3966901407827930858,DcNQ9AYlK7q,destharrumi94,Desta Selvya,False,"Bapak infrastruktur pak Jokowi tak kan tergantikan.
👍🇮🇩♥️

#jokowidodo #jokowi",3731,1353,26,2,photo,"[{'type': 'photo', 'url': 'https://scontent-dfw5-1.cdninstagram.com/v/t39.30808-6/776020799_4228331380644583_4528072622808940490_n.jpg?stp=dst-jpg_e35_tt6&_nc_cat=105&ig_cache_key=Mzk2NjkwMTQwNzgyNzkzMDg1OA%3D%3D.3-ccb7-5&ccb=7-5&_nc_sid=58cdad&efg=eyJ2ZW5jb2RlX3RhZyI6IkZFRUQueHBpZHMuODk2LnNkci5yZWd1bGFyX3Bob3RvLkMyIn0%3D&_nc_ohc=FtSv8E9B6PcQ7kNvwGIVYb2&_nc_oc=Adq32Eqv1kkfYErLBjC_Cgm9Nt8Dx5D-Yn-fPm4N38XB90XxQB4zJPBir3-J3IoFDTM&_nc_ad=z-m&_nc_cid=0&_nc_zt=23&_nc_ht=scontent-dfw5-1.cdninstagram.com&_nc_gid=nHR7Bzd4S2yfFBvFqGyAlA&_nc_ss=7a22e&oh=00_AQIW5S55miaxMVx0lfeswUXrCps_5JVtATPbG9vsIbBJIg&oe=6A995373', 'width': 896, 'height': 1171}]","['jokowidodo', 'jokowi']",[],[],False,False,,1787111520,2026-08-19T03:52:00.000Z,https://www.threads.com/t/DcNQ9AYlK7q,2026-08-30T01:17:31.871Z,Jokowi
post,3974572724941098619,DcohNXMEg57,faqihabsoro,faqih absoro,False,Presiden Prabowo harus segera mengambil sikap untuk menyelamatkan Indonesia dia pengaruh Jokowi dan mroni kroninya....kalau tidak maka akan berhadapan dengan rakyat semesta,0,4,0,0,photo,"[{'type': 'photo', 'url': 'https://scontent-dfw6-2.cdninstagram.com/v/t51.82787-15/788948650_18096341846087819_99736162384523672_n.jpg?stp=dst-jpg_e35_tt6&_nc_cat=110&ig_cache_key=Mzk3NDU3MjcyNDk0MTA5ODYxOQ%3D%3D.3-ccb7-5&ccb=7-5&_nc_sid=58cdad&efg=eyJ2ZW5jb2RlX3RhZyI6IkZFRUQueHBpZHMuMzA3Mi5zZHIucmVndWxhcl9waG90by5DMyJ9&_nc_ohc=wrWSAJ2qP9MQ7kNvwGbMSHs&_nc_oc=Adqn_9CeAEHLLEwk7UO9od4MkVMIjeEgF1UIXrd7T-73Dfo8-PtrQHixRHBFxRPzRLY&_nc_ad=z-m&_nc_cid=0&_nc_zt=23&_nc_ht=scontent-dfw6-2.cdninstagram.com&_nc_gid=nHR7Bzd4S2yfFBvFqGyAlA&_nc_ss=7a22e&oh=00_AQLoIU2ThRdQk4xX-82FmWIMSelmjc2webq1MYvAldmm4w&oe=6A996237', 'width': 3072, 'height': 4096}]",[],[],[],False,False,,1788026012,2026-08-29T17:53:32.000Z,https://www.threads.com/t/DcohNXMEg57,2026-08-30T01:17:31.871Z,Jokowi
post,3973594484575619614,DclCyF2lMoe,choiandi,Λ N D I  L 📸💸💤🐾🥼🎮,False,"Tadi gua abis nonton Tempo x Jokowi.
Agak shock dari terakhir nonton wawancara doi sama mbak najwa.
Nth kenapa di tempo ini, dia lebih berbobot + ada strategi tersembunyi walaupun jawabannya datar tp maknanya ada banget.
Seakan beliau mao kasih sinyal bakal ada gebrakan di 2029.
Jadi semangat dah warga konoha efek mulyono bakal terus menghantui 🌝🤙🏻",587,326,18,0,photo,"[{'type': 'photo', 'url': 'https://scontent-dfw6-1.cdninstagram.com/v/t51.82787-15/781958820_17984817735107507_9097460553724328167_n.jpg?stp=cp6_dst-jpg_e35_tt6&_nc_cat=1&ig_cache_key=Mzk3MzU5NDQ4NDU3NTYxOTYxNA%3D%3D.3-ccb7-5&ccb=7-5&_nc_sid=58cdad&efg=eyJ2ZW5jb2RlX3RhZyI6IkZFRUQueHBpZHMuMzAyNC5zZHIucmVndWxhcl9waG90by5DMyJ9&_nc_ohc=5mDH28LPMGgQ7kNvwEqQVrx&_nc_oc=AdqfAF8T9QLp3qeWOLOy9ed0J468WMlCfP5l0UUmIFtui1m6cUxYrLFT7HUWrWHythY&_nc_ad=z-m&_nc_cid=0&_nc_zt=23&_nc_ht=scontent-dfw6-1.cdninstagram.com&_nc_gid=nHR7Bzd4S2yfFBvFqGyAlA&_nc_ss=7a22e&oh=00_AQI-tYVi_WyO_0FAxbt0XbLIuDPWxr948ZvlGEDirYh2gw&oe=6A9957BC', 'width': 3024, 'height': 4032}]",[],[],[],False,False,,1787909397,2026-08-28T09:29:57.000Z,https://www.threads.com/t/DclCyF2lMoe,2026-08-30T01:17:31.871Z,Jokowi
post,3974147085100540032,DcnAbfMkmCA,jakop0100,Jakop0100,False,KDM bakal jadi andalan Jokowi catat ini dan berpikirlah kalian😂,41,4,0,0,text,[],[],[],[],True,False,,1787975272,2026-08-29T03:47:52.000Z,https://www.threads.com/t/DcnAbfMkmCA,2026-08-30T01:17:31.871Z,Jokowi
post,3974370215447484999,DcnzKdho9pH,thenishilminowisbahrul,Muhammad Bahrul Hilmi,False,"Udah ditahap pengen banget liat ceramahnya habib rizieq ☝️😔

Apalagi yang part dia ngomong, ""Presiden Goblok, Menterinya Dajjal, Istananya Menjadi Istana Iblis"".",2516,160,87,1,text,[],[],[],[],False,False,,1788001871,2026-08-29T11:11:11.000Z,https://www.threads.com/t/DcnzKdho9pH,2026-08-30T01:17:31.871Z,Jokowi
post,3974429375953338298,DcoAnXCk3-6,andrispurwanto,Andris Purwanto,False,"Iya ya kemana ya itu orang kok udah lama gak muncul lagi,nyalinya ciut jg ternyata ya beraninya cuman sama Pak Jokowi yg sabarnya diatas rata2 manusia.Eh giliran sekarang kicep langsung ciut nyalinya....🤭🤣🤣🤣",1,5,0,0,text,[],[],[],[],True,False,,1788008924,2026-08-29T13:08:44.000Z,https://www.threads.com/t/DcoAnXCk3-6,2026-08-30T01:17:31.871Z,Jokowi
post,3973693860195375089,DclZYMnGJfx,boykham10,Boy Marpaung,False,"dulu kl Jokowi ga jadi Gubernur DKI, jkt utk pelayanan publik pasti msh ancur2an kya dulu2",152,3,1,0,text,[],[],[],[],True,False,,1787921243,2026-08-28T12:47:23.000Z,https://www.threads.com/t/DclZYMnGJfx,2026-08-30T01:17:31.871Z,Jokowi
post,3973763502804549931,DclpNoWE8Er,raavaholic,Raavaholic,False,"Pas jokowi naek jadi gubernur, gw suka dapet kabar dari tmn2 asn pada komplain, gara2 jokowi gubernur. Katanya jadi susah ""main"" 🤣",169,3,0,0,text,[],[],[],[],True,False,,1787929545,2026-08-28T15:05:45.000Z,https://www.threads.com/t/DclpNoWE8Er,2026-08-30T01:17:31.871Z,Jokowi
post,3965459554381324079,DcIJHRuE98v,icadpi,Rishad Purwanto,False,"Cuma nanya ini apa konsepnya jokowi, prabowo, dan gibran duduk sejajar? Kan banyak mantan presiden lain kenapa gak dijejerin bareng? Simbolismenya gila bgt",9843,2512,315,8,photo,"[{'type': 'photo', 'url': 'https://scontent-dfw5-1.cdninstagram.com/v/t51.82787-15/776718678_17982212307099323_6897933404473776890_n.jpg?stp=dst-jpg_e35_tt6&_nc_cat=105&ig_cache_key=Mzk2NTQ1OTU1NDM4MTMyNDA3OQ%3D%3D.3-ccb7-5&ccb=7-5&_nc_sid=58cdad&efg=eyJ2ZW5jb2RlX3RhZyI6IkZFRUQueHBpZHMuMzY1Mi5zZHIucmVndWxhcl9waG90by5DMiJ9&_nc_ohc=iI84w9ZfKQYQ7kNvwFhAU5F&_nc_oc=AdrwfiMV2NT2BBvddJG2WsMOBDgBj6Yaf4pf9g7Z7SeYkbl05UuAizRb6tMf_mRQ_tY&_nc_ad=z-m&_nc_cid=0&_nc_zt=23&_nc_ht=scontent-dfw5-1.cdninstagram.com&_nc_gid=nHR7Bzd4S2yfFBvFqGyAlA&_nc_ss=7a22e&oh=00_AQJXvPIDVFdYpQCqz9yRSugbAyKb5RL0AhFC1aPIVVtAnQ&oe=6A996B9C', 'width': 3652, 'height': 1855}]",[],[],[],False,False,,1786939637,2026-08-17T04:07:17.000Z,https://www.threads.com/t/DcIJHRuE98v,2026-08-30T01:17:31.871Z,Jokowi
post,3965673939703844668,DcI52_nEk88,tardiiscandar,Tardi Iscandar,False,"Gue kasi tau...mantan presiden yg masih hidup hanya tiga org. Megawati, sby ,Jokowi . 
1. megawati upacara sendiri di sekolah partai pedip
2. sby ada di amerika karna sakit.
3. Jadi hanya pak Jokowi yg bisa hadir.
Tapi  kalo ente bisa bangkit kan mereka yg udah dalam tanah ya mongo jejerin .
Saran saya sebelum menghujat cari info dulu ..",13197,307,228,9,text,[],[],[],[],True,False,,1786965194,2026-08-17T11:13:14.000Z,https://www.threads.com/t/DcI52_nEk88,2026-08-30T01:17:31.871Z,Jokowi
post,3970721621594881812,Dca1kbtID8U,dheskay88,dheska,False,"Habibi yesss✅
Gusdur yesss✅
SBY yesss✅
Jokowi yesss✅
Prabowo yesss✅
Anis nononono❎",2822,234,69,1,text,[],[],[],[],False,False,,1787566925,2026-08-24T10:22:05.000Z,https://www.threads.com/t/Dca1kbtID8U,2026-08-30T01:17:31.871Z,Jokowi
post,3974044427412998162,DcmpFnxkogS,fatur_daqu,Fatur Rohman,False,"Pas tim Bocor Alus udah siapin pertanyaan selevel roket bertenaga nuklir, 

Pak Jokowi cuma duduk santai sambil senyum khasnya.
 
""Ini orang beneran tenang atau emang jago nge-cheat emosi ya?"" 

Sadar gak, 
setiap dicecar pertanyaan sensitif, jawabannya selalu pake template 

""Ya ndak tahu, kok tanya saya"" 

atau muter lewat analogi lain. Bahasa tubuhnya santai banget, gak ada garuk2 kepala atau muka tegang. 

Level poker face-nya udah rata kanan!",409,142,18,0,photo,"[{'type': 'photo', 'url': 'https://scontent-dfw5-2.cdninstagram.com/v/t51.82787-15/787957168_17952085689250338_4596827885844863709_n.webp?_nc_cat=107&ig_cache_key=Mzk3NDA0NDQyNzQxMjk5ODE2Mg%3D%3D.3-ccb7-5&ccb=7-5&_nc_sid=58cdad&efg=eyJ2ZW5jb2RlX3RhZyI6IkZFRUQueHBpZHMuMTAxMi5zZHIucmVndWxhcl9waG90by5DMyJ9&_nc_ohc=up_rZJwkZewQ7kNvwEFr_8B&_nc_oc=AdqNfvHjAZ7aY2OF5D0WYP-0xH3sd1IXKh1t3OEENKA-UCIbKuHi7-3-UQjCctBcOt8&_nc_ad=z-m&_nc_cid=0&_nc_zt=23&_nc_ht=scontent-dfw5-2.cdninstagram.com&_nc_gid=nHR7Bzd4S2yfFBvFqGyAlA&_nc_ss=7a22e&oh=00_AQLLnOkUU8EE6liyAdpGMkMkY1nupGB8FtSzeGcQaBfkQg&oe=6A99461B', 'width': 1012, 'height': 623}]",[],[],[],False,False,,1787963034,2026-08-29T00:23:54.000Z,https://www.threads.com/t/DcmpFnxkogS,2026-08-30T01:17:31.871Z,Jokowi
post,3974095161294748546,Dcm0n5YknuC,vincent_indonesia,Vincent Nugraha,False,Pak Jokowi terlihat agak emosi saat membahas istrinya😂,5,8,0,0,text,[],[],[],[],True,False,,1787969082,2026-08-29T02:04:42.000Z,https://www.threads.com/t/Dcm0n5YknuC,2026-08-30T01:17:31.871Z,Jokowi
post,3974508928403703209,DcoStACHwWp,mellonezia,Mellon Nezia,False,"Gak ah, aq doain pak anies gak mau lagi nyapres, kalopun nyapres aq doain dia gak menang. Kasian banget beresin sampah²nya 15th kebelakang. Mendjng udah slow living aja ngurusin cucu, sambil nontonin indonesia bubar 2030.",31,4,0,0,text,[],[],[],[],True,False,,1788018407,2026-08-29T15:46:47.000Z,https://www.threads.com/t/DcoStACHwWp,2026-08-30T01:17:31.871Z,Jokowi
post,3974575764929597189,Dcoh5mZgU8F,giovananda,Giovani Nanda,False,"Tapi gpp ka bakal seru, geng solo otomatis hancurrr, pengen liat jokowi dan kroni2nya kaya gimana kalo udh ga berkuasa, bakal kebongkar semua kartunya wkwkwk doain aja",12,2,0,0,text,[],[],[],[],True,False,,1788026374,2026-08-29T17:59:34.000Z,https://www.threads.com/t/Dcoh5mZgU8F,2026-08-30T01:17:31.871Z,Jokowi
post,3972254501310108878,DcgSGxMCRTO,firdu662,Numerouno,False,"Faktor kebencian thd Gibran merupakan motif utama dari Denny Indrayana utk mempermasalahkan Ijazah SMA-nya. Lalu, bagaimana dgn mantan menteri kelautan dimasa Presiden Jokowi yg konon katanya tdk lulus SMA tapi tdk ada yg mempermasalahkannya.",895,2359,22,5,carousel,"[{'type': 'photo', 'url': 'https://scontent-dfw5-2.cdninstagram.com/v/t51.82787-15/787136302_17905080015541711_5062605311662067876_n.webp?_nc_cat=100&ig_cache_key=Mzk3MjI1MjcwNTAyNTkzMjY4Ng%3D%3D.3-ccb7-5&ccb=7-5&_nc_sid=58cdad&efg=eyJ2ZW5jb2RlX3RhZyI6IkNBUk9VU0VMX0lURU0ueHBpZHMuMTA4MC5zZHIucmVndWxhcl9waG90by5DMyJ9&_nc_ohc=kyFueP0L1kEQ7kNvwFRsAvN&_nc_oc=AdqKdCHh-73RCxmySqQJ4fHqvnXSPF3o4M1heBe52kJosHVY2cZWLWvWqa33YCMMuH8&_nc_ad=z-m&_nc_cid=0&_nc_zt=23&_nc_ht=scontent-dfw5-2.cdninstagram.com&_nc_gid=nHR7Bzd4S2yfFBvFqGyAlA&_nc_ss=7a22e&oh=00_AQIr49l-T6ygpQJyaVh-Td_iwyFnG1SL3BlzI5-ZNeWULw&oe=6A993C51', 'width': 1080, 'height': 1918}, {'type': 'photo', 'url': 'https://scontent-dfw6-1.cdninstagram.com/v/t51.82787-15/787022136_17905080006541711_488996318831433277_n.webp?_nc_cat=101&ig_cache_key=Mzk3MjI1MjcwMTE5MjI3ODM4OA%3D%3D.3-ccb7-5&ccb=7-5&_nc_sid=58cdad&efg=eyJ2ZW5jb2RlX3RhZyI6IkNBUk9VU0VMX0lURU0ueHBpZHMuMTA4MC5zZHIucmVndWxhcl9waG90by5DMyJ9&_nc_ohc=kBQnNsPwljoQ7kNvwGAyzPM&_nc_oc=AdpkVKHde56ROnJNeK4JkzkeELSB6H6-6Jo5KcGwdKB6OsPIvkbDeUu-0FGvvFH8-Gs&_nc_ad=z-m&_nc_cid=0&_nc_zt=23&_nc_ht=scontent-dfw6-1.cdninstagram.com&_nc_gid=nHR7Bzd4S2yfFBvFqGyAlA&_nc_ss=7a22e&oh=00_AQJZPtFGwtEX2oY60QTkBBXit4_PH_1-XeXx6N0c5wqBrQ&oe=6A996756', 'width': 1080, 'height': 1362}]",[],[],[],False,False,,1787749658,2026-08-26T13:07:38.000Z,https://www.threads.com/t/DcgSGxMCRTO,2026-08-30T01:17:31.871Z,Jokowi
post,3974324545195789263,Dcnox3ygsvP,retnaningsih437,Endang Retnaningsih,False,Kasian mba ini..untuk yang merasa senasib mari berani speakup.,4687,315,935,33,video,"[{'type': 'video', 'url': 'https://scontent-dfw5-1.cdninstagram.com/v/t51.71878-15/787872793_1063792999633185_3577815011631950111_n.jpg?stp=dst-jpg_e15_tt6&_nc_cat=105&ig_cache_key=Mzk3NDMyNDU0NTE5NTc4OTI2Mw%3D%3D.3-ccb7-5&ccb=7-5&_nc_sid=58cdad&efg=eyJ2ZW5jb2RlX3RhZyI6IkZFRUQueHBpZHMuNjQwLnNkci52aWRlb19kZWZhdWx0X2NvdmVyX2ZyYW1lLkMzIn0%3D&_nc_ohc=z0oSFhpmyzcQ7kNvwFwQdX1&_nc_oc=AdpBjaiGWQbj0XF97RmAJxcJtn0er6e9OJ0MdVLs-mrAAZq-LWVFQeJ0T_dUTZPRBnY&_nc_ad=z-m&_nc_cid=0&_nc_zt=23&_nc_ht=scontent-dfw5-1.cdninstagram.com&_nc_gid=nHR7Bzd4S2yfFBvFqGyAlA&_nc_ss=7a22e&oh=00_AQLIjv9zmom8xZhnpi2DQMmZgJW0A7xrA7tuJy0VMJxr6A&oe=6A9955F8', 'videoUrl': 'https://scontent-dfw5-2.cdninstagram.com/o1/v/t16/f2/m84/AQOZYp3OMLXefdoGHqWp8sCNcN5FlsiQdXxcKX04o9GhbfbXrOypdWQ1qmkvorwykfLGqGZDvc1qlK48YoOfY-HiFQyM36r2hjs9sMc.mp4?_nc_cat=100&_nc_sid=5e9851&_nc_ht=scontent-dfw5-2.cdninstagram.com&_nc_ohc=TImw3zlpEZsQ7kNvwGpwD1-&efg=eyJ2ZW5jb2RlX3RhZyI6Inhwdl9wcm9ncmVzc2l2ZS5JTlNUQUdSQU0uRkVFRC5DMy41NzYuZGFzaF9iYXNlbGluZV8xX3YxIiwieHB2X2Fzc2V0X2lkIjoxNzkzOTk4NTM3NTM0ODE1MSwiYXNzZXRfYWdlX2RheXMiOjAsInZpX3VzZWNhc2VfaWQiOjEwMTY0LCJkdXJhdGlvbl9zIjoyMTYsInVybGdlbl9zb3VyY2UiOiJ3d3cifQ%3D%3D&ccb=17-1&vs=1b0916acd2b1b2c8&_nc_vs=HBksFQIYTGlnX2JhY2tmaWxsX3RpbWVsaW5lX3ZvZC82QzQ1QkY0M0E3MzY3MDZBMThBNzFCMTlEMzNDQTE5MV92aWRlb19kYXNoaW5pdC5tcDQVAALIARIAFQIYUWlnX3hwdl9wbGFjZW1lbnRfcGVybWFuZW50X3YyLzIzNDU1NzMwMzY2M0Q4NThBMzZBMUUwRDM0NDM1MjhEX2F1ZGlvX2Rhc2hpbml0Lm1wNBUCAsgBEgAoABgAGwKIB3VzZV9vaWwBMRJwcm9ncmVzc2l2ZV9yZWNpcGUBMRUAACbulpb5ypTePxUCKAJDMywXQGsYgxJul40YEmRhc2hfYmFzZWxpbmVfMV92MREAdeoHZeieAQA&_nc_gid=nHR7Bzd4S2yfFBvFqGyAlA&_nc_zt=28&_nc_ss=7a22e&oh=00_AQJi7cmlHMFLql-tEhBgYFirnofZ-5Z4oZAkwET5mrfF2w&oe=6A9563A0', 'width': 576, 'height': 1024, 'hasAudio': True}]",[],[],[],False,False,,1787996942,2026-08-29T09:49:02.000Z,https://www.threads.com/t/Dcnox3ygsvP,2026-08-30T01:17:31.871Z,Jokowi
post,3972109388048142198,DcfxHF7mo92,virelananta,Adakal!,False,"Masalah korupsi biarkan Prabowo yg urus. Yg mau lengserkan Prabowo, urusannya dengan saya!",2887,3240,48,42,carousel,"[{'type': 'photo', 'url': 'https://scontent-lga3-3.cdninstagram.com/v/t51.82787-15/787035567_18131320735642523_3243470521115587028_n.jpg?stp=dst-jpg_e35_tt6&_nc_cat=102&ig_cache_key=Mzk3MjEwODg2MzY5Mzk4OTU4MQ%3D%3D.3-ccb7-5&ccb=7-5&_nc_sid=58cdad&efg=eyJ2ZW5jb2RlX3RhZyI6IkNBUk9VU0VMX0lURU0ueHBpZHMuMTA4MC5zZHIucmVndWxhcl9waG90by5DMyJ9&_nc_ohc=xd1XYOGQf2AQ7kNvwH-IAqs&_nc_oc=AdqcuEb69Nkr2PP9WETtQmZsSrquEBxz6KDPDeqsiBnlmnyy2gLaqmEuuL3lnhai0Ak&_nc_ad=z-m&_nc_cid=0&_nc_zt=23&_nc_ht=scontent-lga3-3.cdninstagram.com&_nc_gid=-HgmgPx5LURHUNJKqWMLkQ&_nc_ss=7a22e&oh=00_AQIiNNvFFHwHBtSX1mISBOfjvWD4uj0UG0rmpv8TK3LbEg&oe=6A995671', 'width': 1080, 'height': 1919}, {'type': 'photo', 'url': 'https://scontent-lga3-3.cdninstagram.com/v/t51.82787-15/786971505_18131320726642523_4952739352501835862_n.jpg?stp=dst-jpg_e35_tt6&_nc_cat=108&ig_cache_key=Mzk3MjEwODg2MDQ5ODA4MzE1Nw%3D%3D.3-ccb7-5&ccb=7-5&_nc_sid=58cdad&efg=eyJ2ZW5jb2RlX3RhZyI6IkNBUk9VU0VMX0lURU0ueHBpZHMuNzIwLnNkci5yZWd1bGFyX3Bob3RvLkMzIn0%3D&_nc_ohc=BQTEtJ9J7DQQ7kNvwGNP6a5&_nc_oc=AdqgJSz7qkgbHB6qI4H6Y2lfyuu6g1OBSCnRya1kty5QByxDKWMhaxwSAZtabnIdUXE&_nc_ad=z-m&_nc_cid=0&_nc_zt=23&_nc_ht=scontent-lga3-3.cdninstagram.com&_nc_gid=-HgmgPx5LURHUNJKqWMLkQ&_nc_ss=7a22e&oh=00_AQJ_WQdtIAvLs9Izfpekbpb0HZhplZxGqDK_KboReKxcyA&oe=6A995BFC', 'width': 720, 'height': 1280}]",[],[],[],False,False,,1787732359,2026-08-26T08:19:19.000Z,https://www.threads.com/t/DcfxHF7mo92,2026-08-30T01:17:47.568Z,Prabowo
post,3966500093590836874,DcL1tHYCRaK,kata_hati165,Eddy Widodo,False,"Soeharto membuangnya.
Habibie memecatnya.
Bu Titiek menceraikan nya.
Kalian malah memilihnya.
what a joke.",57997,1739,6305,119,photo,"[{'type': 'photo', 'url': 'https://scontent-lga3-3.cdninstagram.com/v/t51.82787-15/778380975_17983066971111816_4505511501370029832_n.webp?_nc_cat=106&ig_cache_key=Mzk2NjUwMDA5MzU5MDgzNjg3NA%3D%3D.3-ccb7-5&ccb=7-5&_nc_sid=58cdad&efg=eyJ2ZW5jb2RlX3RhZyI6IkZFRUQueHBpZHMuNTcwLnNkci5yZWd1bGFyX3Bob3RvLkMzIn0%3D&_nc_ohc=_KyqL5EEC0EQ7kNvwHKZlb_&_nc_oc=AdqBJ4VYmM6Mi1El-51nXqB2x3sHjHfm7HLsiYOkuFQ9rFcUMavarauZ_o7wbTBKNjE&_nc_ad=z-m&_nc_cid=0&_nc_zt=23&_nc_ht=scontent-lga3-3.cdninstagram.com&_nc_gid=-HgmgPx5LURHUNJKqWMLkQ&_nc_ss=7a22e&oh=00_AQJOFOce80KdSLOa_zsNiPtgAgN8Kdfu0mmipziI51ozuA&oe=6A99681C', 'width': 570, 'height': 380}]",[],[],[],False,False,,1787063679,2026-08-18T14:34:39.000Z,https://www.threads.com/t/DcL1tHYCRaK,2026-08-30T01:17:47.568Z,Prabowo
post,3972919813419907963,DcipYVYATt7,triasambari,Trias Ambari,True,#stillprabowo #prabowo #jagaindonesia,2996,49,79,1,carousel,"[{'type': 'photo', 'url': 'https://scontent-lga3-3.cdninstagram.com/v/t51.82787-15/785945151_18106267892466868_2490712912739423683_n.jpg?stp=dst-jpg_e35_tt6&_nc_cat=104&ig_cache_key=Mzk3MjkxOTgwMjQzOTIzMzY3NA%3D%3D.3-ccb7-5&ccb=7-5&_nc_sid=58cdad&efg=eyJ2ZW5jb2RlX3RhZyI6IkNBUk9VU0VMX0lURU0ueHBpZHMuMTA4MC5zZHIucmVndWxhcl9waG90by5DMyJ9&_nc_ohc=-Ri5QS4oSFEQ7kNvwGJXnIu&_nc_oc=AdqSLjrqVVnMa3QJjUykjQev0w96C0lznQitlU-PA6YdLrEwGTK1bmFy-xnn1c_7oCY&_nc_ad=z-m&_nc_cid=0&_nc_zt=23&_nc_ht=scontent-lga3-3.cdninstagram.com&_nc_gid=-HgmgPx5LURHUNJKqWMLkQ&_nc_ss=7a22e&oh=00_AQKYr_yCu5lKO6Sp2_7Z-ENdSXUW8hiCPM7efS-fVehy2A&oe=6A996036', 'width': 1080, 'height': 1350}, {'type': 'photo', 'url': 'https://scontent-lga3-1.cdninstagram.com/v/t51.82787-15/786391806_18106267895466868_8922192038512568799_n.jpg?stp=dst-jpg_e35_tt6&_nc_cat=103&ig_cache_key=Mzk3MjkxOTgwMTE4OTMzNDA0Ng%3D%3D.3-ccb7-5&ccb=7-5&_nc_sid=58cdad&efg=eyJ2ZW5jb2RlX3RhZyI6IkNBUk9VU0VMX0lURU0ueHBpZHMuMTA4MC5zZHIucmVndWxhcl9waG90by5DMiJ9&_nc_ohc=4N_uHsKb_3oQ7kNvwE3eo60&_nc_oc=AdqpKvxk5WTf2KMWc7n_9Kp9Ntdg2eR9DXdEvLT5jk218QjVSFfdLNdvHTkNImDpBJE&_nc_ad=z-m&_nc_cid=0&_nc_zt=23&_nc_ht=scontent-lga3-1.cdninstagram.com&_nc_gid=-HgmgPx5LURHUNJKqWMLkQ&_nc_ss=7a22e&oh=00_AQLbPEmUycbo64_zU63xWyTgkIe4beJYP16RV4zA6VU5rQ&oe=6A9954E4', 'width': 1080, 'height': 1350}]","['stillprabowo', 'prabowo', 'jagaindonesia']",[],[],False,False,,1787828970,2026-08-27T11:09:30.000Z,https://www.threads.com/t/DcipYVYATt7,2026-08-30T01:17:47.568Z,Prabowo
post,3965562289160157558,DcIgeQ8E3l2,gedikaly,Gedik Aly Pasha,False,"Tokoh penghancur indonesia dalam 1 frame, The architect, the clown and the nepobaby.",28167,419,4416,71,photo,"[{'type': 'photo', 'url': 'https://scontent-lga3-2.cdninstagram.com/v/t51.82787-15/776576108_18047583788653394_4978545203591276896_n.webp?_nc_cat=101&ig_cache_key=Mzk2NTU2MjI4OTE2MDE1NzU1OA%3D%3D.3-ccb7-5&ccb=7-5&_nc_sid=58cdad&efg=eyJ2ZW5jb2RlX3RhZyI6IkZFRUQueHBpZHMuMjA0OC5zZHIucmVndWxhcl9waG90by5DMyJ9&_nc_ohc=R2JULSQLfYoQ7kNvwF7SFHL&_nc_oc=Adphmx3QdMCHVZsR_chpBVnakPjdPwJlVIpUohXzZqmwE_IOObyBnsz_NtcShlPuS98&_nc_ad=z-m&_nc_cid=0&_nc_zt=23&_nc_ht=scontent-lga3-2.cdninstagram.com&_nc_gid=-HgmgPx5LURHUNJKqWMLkQ&_nc_ss=7a22e&oh=00_AQLJPidvMwvSJ8orcjzZ3MJc2VnFWmCteliCT5sXTqwVuA&oe=6A993E18', 'width': 2048, 'height': 1139}]",[],[],[],False,False,,1786951884,2026-08-17T07:31:24.000Z,https://www.threads.com/t/DcIgeQ8E3l2,2026-08-30T01:17:47.568Z,Prabowo
post,3973136635743407234,Dcjarg5k4yC,muamar.fadlil,Mu'amar Fadlil | TechInv,True,"Bissmillah...
Tetap Bersama Pak Prabowo Subianto 💪

Waktunya muncul 🔥 Biar Paham 🤝",810,57,3,0,carousel,"[{'type': 'photo', 'url': 'https://scontent-lga3-1.cdninstagram.com/v/t51.82787-15/787769305_17983921686103330_5247514316497869554_n.webp?_nc_cat=109&ig_cache_key=Mzk3MzEzNjA2NTU0MDA2Njk3Mg%3D%3D.3-ccb7-5&ccb=7-5&_nc_sid=58cdad&efg=eyJ2ZW5jb2RlX3RhZyI6IkNBUk9VU0VMX0lURU0ueHBpZHMuMzAwLnNkci5yZWd1bGFyX3Bob3RvLkMzIn0%3D&_nc_ohc=oNL2Bsoa6noQ7kNvwFT4pKc&_nc_oc=AdoGOz9tS8wBIV5tKoiQT8jwq22KOm03lNoAFv9UNzGop93RXpVm981FP744r9OjthU&_nc_ad=z-m&_nc_cid=0&_nc_zt=23&_nc_ht=scontent-lga3-1.cdninstagram.com&_nc_gid=-HgmgPx5LURHUNJKqWMLkQ&_nc_ss=7a22e&oh=00_AQJM3CG0eT5eC2zknnARzBWVfrk31SQK-7iI-oR69LNZmQ&oe=6A996E10', 'width': 300, 'height': 300}, {'type': 'photo', 'url': 'https://scontent-lga3-2.cdninstagram.com/v/t51.82787-15/787366330_17983921677103330_7242308194913000144_n.webp?_nc_cat=105&ig_cache_key=Mzk3MzEzNjA2NTA0NDk3MTc2Mg%3D%3D.3-ccb7-5&ccb=7-5&_nc_sid=58cdad&efg=eyJ2ZW5jb2RlX3RhZyI6IkNBUk9VU0VMX0lURU0ueHBpZHMuMTI1NC5zZHIucmVndWxhcl9waG90by5DMyJ9&_nc_ohc=CliEBhOuDD0Q7kNvwFBCT5V&_nc_oc=AdpizaMXSNgIoZDYNfhiDnVxxbG-HoakBtrSGuKchidQjVfbTvwp1EXZVRXFSdbvStM&_nc_ad=z-m&_nc_cid=0&_nc_zt=23&_nc_ht=scontent-lga3-2.cdninstagram.com&_nc_gid=-HgmgPx5LURHUNJKqWMLkQ&_nc_ss=7a22e&oh=00_AQKdVaMAo4FVHSawDZp0MkcTrgAv2I4jH2jMMm_9ujvgaw&oe=6A9967CF', 'width': 1254, 'height': 1254}]",[],[],[],False,False,,1787854817,2026-08-27T18:20:17.000Z,https://www.threads.com/t/Dcjarg5k4yC,2026-08-30T01:17:47.568Z,Prabowo
post,3972151432925140024,Dcf6q7Rj9Q4,kukukakikukakimumeow,,False,"Wait… Indonesians asking Malaysians to join them criticising Prabowo over the haze??? Never thought THIS would be our bonding moment.

It’s okay, Indonesia. We got you. SEAblings stick together. kan?
Habis jerebu kita sambung gaduh okiesssssssssssss",33241,1075,2975,63,photo,"[{'type': 'photo', 'url': 'https://scontent-lga3-3.cdninstagram.com/v/t51.82787-15/786827984_17932014765365683_3117207104624792947_n.jpg?stp=dst-jpg_e35_tt6&_nc_cat=108&ig_cache_key=Mzk3MjE1MTQzMjkyNTE0MDAyNA%3D%3D.3-ccb7-5&ccb=7-5&_nc_sid=58cdad&efg=eyJ2ZW5jb2RlX3RhZyI6IkZFRUQueHBpZHMuOTE4LnNkci5yZWd1bGFyX3Bob3RvLkMzIn0%3D&_nc_ohc=D2z8s7D0ZgUQ7kNvwEleGe4&_nc_oc=AdrJPH-NpgtsThNssYneAVYwNN8X3wZLnWjoiezYJdoUiFPA2ea2LBTD17HQwDuIbHg&_nc_ad=z-m&_nc_cid=0&_nc_zt=23&_nc_ht=scontent-lga3-3.cdninstagram.com&_nc_gid=-HgmgPx5LURHUNJKqWMLkQ&_nc_ss=7a22e&oh=00_AQL9E7xBqC0qsG_DVwOchTmdlExaiDKtFfmjUwsvQJEItA&oe=6A9954C4', 'width': 918, 'height': 592}]",[],[],[],False,False,,1787737372,2026-08-26T09:42:52.000Z,https://www.threads.com/t/Dcf6q7Rj9Q4,2026-08-30T01:17:47.568Z,Prabowo
post,3974173068151200167,DcnGVlzE5mn,reno_rdh,Reno,True,Saya Bersama Bapak Prabowo Subianto🇮🇩❤️,354,25,9,0,video,"[{'type': 'video', 'url': 'https://scontent-lga3-1.cdninstagram.com/v/t51.71878-15/782413345_1767671517615973_6758167163186428405_n.jpg?stp=dst-jpg_e15_tt6&_nc_cat=111&ig_cache_key=Mzk3NDE3MzA2ODE1MTIwMDE2Nw%3D%3D.3-ccb7-5&ccb=7-5&_nc_sid=58cdad&efg=eyJ2ZW5jb2RlX3RhZyI6IkZFRUQueHBpZHMuNjQwLnNkci52aWRlb19kZWZhdWx0X2NvdmVyX2ZyYW1lLkMzIn0%3D&_nc_ohc=rGvxfcJH3GMQ7kNvwExNdrq&_nc_oc=AdoO1uLmsYq7_4RHQiBgdKlyn-T9ba7UtbRtsNqRZhtB2Jo3L6A51J_kQltN1We7qDw&_nc_ad=z-m&_nc_cid=0&_nc_zt=23&_nc_ht=scontent-lga3-1.cdninstagram.com&_nc_gid=-HgmgPx5LURHUNJKqWMLkQ&_nc_ss=7a22e&oh=00_AQIAOzV5YuK7zzGsWY5lAL3nQye5loTH2ZX1JJT0RfZuZA&oe=6A9951CB', 'videoUrl': 'https://scontent-lga3-3.cdninstagram.com/o1/v/t16/f2/m84/AQPHbVEatH0Cph4FCDh15Cb_b3WvTqwIhZaoTryt40FBN6jtn5lONg0m83XZldyUPQZcpRzeMqxw5UP2Hqx8zCaiQ3-ONy1FL62Ri4A.mp4?_nc_cat=102&_nc_sid=5e9851&_nc_ht=scontent-lga3-3.cdninstagram.com&_nc_ohc=YLkF1Eh6BQQQ7kNvwHAD_Dk&efg=eyJ2ZW5jb2RlX3RhZyI6Inhwdl9wcm9ncmVzc2l2ZS5JTlNUQUdSQU0uRkVFRC5DMy43MTYuZGFzaF9iYXNlbGluZV8xX3YxIiwieHB2X2Fzc2V0X2lkIjoxODA5MjgxNDM1NjIzNzQyNiwiYXNzZXRfYWdlX2RheXMiOjAsInZpX3VzZWNhc2VfaWQiOjEwMTY0LCJkdXJhdGlvbl9zIjoxNiwidXJsZ2VuX3NvdXJjZSI6Ind3dyJ9&ccb=17-1&vs=872982037202a260&_nc_vs=HBksFQIYTGlnX2JhY2tmaWxsX3RpbWVsaW5lX3ZvZC81QzQ2MDFFNTZDM0IzRkFGMDkxQzdEOThEN0M2QTVBNV92aWRlb19kYXNoaW5pdC5tcDQVAALIARIAFQIYUWlnX3hwdl9wbGFjZW1lbnRfcGVybWFuZW50X3YyLzkzNDVERUYyMkNENDY1OEIxODlERUI0NkQ0MzA1OUIwX2F1ZGlvX2Rhc2hpbml0Lm1wNBUCAsgBEgAoABgAGwKIB3VzZV9vaWwBMRJwcm9ncmVzc2l2ZV9yZWNpcGUBMRUAACbksYbLs9SjQBUCKAJDMywXQC_XCj1wo9cYEmRhc2hfYmFzZWxpbmVfMV92MREAdeoHZeieAQA&_nc_gid=-HgmgPx5LURHUNJKqWMLkQ&_nc_ss=7a22e&_nc_zt=28&oh=00_AQJcmIGkmEblf5QnGFhs7s4Wxp8gm76VuLATPQqthgyLpw&oe=6A956D7A', 'width': 1088, 'height': 1936, 'hasAudio': True}]",[],[],[],False,False,,1787978458,2026-08-29T04:40:58.000Z,https://www.threads.com/t/DcnGVlzE5mn,2026-08-30T01:17:47.568Z,Prabowo
post,3974266289217623121,DcnbiIroFRR,dustin_1101,,False,"Mau sampai mulutmu jebol, kami tetap prabowo 😘",998,196,81,4,carousel,"[{'type': 'photo', 'url': 'https://scontent-lga3-2.cdninstagram.com/v/t51.82787-15/789997221_17980798746118970_8036579181903640242_n.webp?_nc_cat=107&ig_cache_key=Mzk3NDI2NTk2NDUyNjczNTY2NA%3D%3D.3-ccb7-5&ccb=7-5&_nc_sid=58cdad&efg=eyJ2ZW5jb2RlX3RhZyI6IkNBUk9VU0VMX0lURU0ueHBpZHMuMTI1NC5zZHIucmVndWxhcl9waG90by5DMyJ9&_nc_ohc=8zOJHN-tcBwQ7kNvwEI7VVM&_nc_oc=AdqRMKxQEXh-7eumTcCY3ixqKgn5cgKxoiVpgc_giH58s3tw9aZA_bBOxKkGG_yHUBo&_nc_ad=z-m&_nc_cid=0&_nc_zt=23&_nc_ht=scontent-lga3-2.cdninstagram.com&_nc_gid=-HgmgPx5LURHUNJKqWMLkQ&_nc_ss=7a22e&oh=00_AQKJOGQUdvmE1xdh4vAAWq3c_o8H4XvrJVbVa2SyUv4BVw&oe=6A994A43', 'width': 1254, 'height': 1254}, {'type': 'photo', 'url': 'https://scontent-lga3-1.cdninstagram.com/v/t51.82787-15/790113434_17980798734118970_3832969859394696153_n.webp?_nc_cat=111&ig_cache_key=Mzk3NDI2NTk2NDI4MzM2MjIwNg%3D%3D.3-ccb7-5&ccb=7-5&_nc_sid=58cdad&efg=eyJ2ZW5jb2RlX3RhZyI6IkNBUk9VU0VMX0lURU0ueHBpZHMuMTI1NC5zZHIucmVndWxhcl9waG90by5DMyJ9&_nc_ohc=SFfilSYmrV4Q7kNvwFFr3d6&_nc_oc=AdpWN1GlIDWn7r7GqfdZ3hyjisndgUNrxVLB_ZgZOw0PFJxHvy3g5jwl-DehFWUMqW8&_nc_ad=z-m&_nc_cid=0&_nc_zt=23&_nc_ht=scontent-lga3-1.cdninstagram.com&_nc_gid=-HgmgPx5LURHUNJKqWMLkQ&_nc_ss=7a22e&oh=00_AQJedArY7sgEA-fHP1h3DGOGfLyGTVRFMhMNpKplq715Bg&oe=6A996D7B', 'width': 1254, 'height': 1254}, {'type': 'photo', 'url': 'https://scontent-lga3-2.cdninstagram.com/v/t51.82787-15/788102691_17980798743118970_1583091316692220839_n.webp?_nc_cat=105&ig_cache_key=Mzk3NDI2NTk2NTM2NTUwNjA0Nw%3D%3D.3-ccb7-5&ccb=7-5&_nc_sid=58cdad&efg=eyJ2ZW5jb2RlX3RhZyI6IkNBUk9VU0VMX0lURU0ueHBpZHMuMTI1NC5zZHIucmVndWxhcl9waG90by5DMyJ9&_nc_ohc=PXWkUNYfjdwQ7kNvwEGwWBD&_nc_oc=AdqUrJ1QcUfDb1sKareo6NyaJBZmFTbwS-rXyfXGkcjd_yRHn7LqVVs_D3IRIQ1CmeE&_nc_ad=z-m&_nc_cid=0&_nc_zt=23&_nc_ht=scontent-lga3-2.cdninstagram.com&_nc_gid=-HgmgPx5LURHUNJKqWMLkQ&_nc_ss=7a22e&oh=00_AQL1hJI-Ljebs0raDb5qIV6lIB7kpg2-VXlMljsQfvBO5g&oe=6A9964F4', 'width': 1254, 'height': 1254}, {'type': 'photo', 'url': 'https://scontent-lga3-1.cdninstagram.com/v/t51.82787-15/789342424_17980798719118970_1923957507785920413_n.webp?_nc_cat=110&ig_cache_key=Mzk3NDI2NTk2NDI0OTgwMzU2OA%3D%3D.3-ccb7-5&ccb=7-5&_nc_sid=58cdad&efg=eyJ2ZW5jb2RlX3RhZyI6IkNBUk9VU0VMX0lURU0ueHBpZHMuMTI1NC5zZHIucmVndWxhcl9waG90by5DMiJ9&_nc_ohc=_6UXyntxbI0Q7kNvwGdqoYd&_nc_oc=Ado3VuZ04rX1tuE4VL5tO3b_EvQNONTOI-V7WVRuSCLSkYMEBCcqdDxqbNzbEsbNfnM&_nc_ad=z-m&_nc_cid=0&_nc_zt=23&_nc_ht=scontent-lga3-1.cdninstagram.com&_nc_gid=-HgmgPx5LURHUNJKqWMLkQ&_nc_ss=7a22e&oh=00_AQLY8KaqNPvpSjy1VmWlB-xA1tQR4S3A8sEgFasF_tNWdg&oe=6A996905', 'width': 1254, 'height': 1254}]",[],[],[],False,False,,1787989482,2026-08-29T07:44:42.000Z,https://www.threads.com/t/DcnbiIroFRR,2026-08-30T01:17:47.568Z,Prabowo
post,3973636630771706706,DclMXZjoKtS,bllue.monday___,Kamila,False,"7 dosa besar prabowo:

1. mbg
2. kopdes
3. food estate
4. rupiah turun
5. deforestasi 
6. ruu tni & polri
7. mengira dosanya cuma 7",10996,206,922,8,text,[],[],[],[],False,False,,1787914421,2026-08-28T10:53:41.000Z,https://www.threads.com/t/DclMXZjoKtS,2026-08-30T01:17:47.568Z,Prabowo
post,3974093219775453881,Dcm0LpNARq5,alimato.teacher,"Alimato, S. Pd., M. Pd., Gr.",False,"Tak perlu banyak cakap! Cukup gambar ini yang berbicara. 
Pak Prabowo itu sudah selesai dengan dirinya sendiri. Fokus beliau sekarang adalah memakmurkan rakyatnya. Memang gak gampang! Tapi sepertinya beliau tak gampang menyerah kendatipun di buly habis-habisan sama para pembencinya. 
Sehat selalu Pak Prabowo!! 😊😊",73,73,1,0,photo,"[{'type': 'photo', 'url': 'https://scontent-lga3-3.cdninstagram.com/v/t51.82787-15/787410496_18065795156565468_2197041931789683026_n.jpg?stp=dst-jpg_e35_tt6&_nc_cat=106&ig_cache_key=Mzk3NDA5MzIxOTc3NTQ1Mzg4MQ%3D%3D.3-ccb7-5&ccb=7-5&_nc_sid=58cdad&efg=eyJ2ZW5jb2RlX3RhZyI6IkZFRUQueHBpZHMuMTM2OC5zZHIucmVndWxhcl9waG90by5DMyJ9&_nc_ohc=thXrtkja3eAQ7kNvwGJc83Y&_nc_oc=AdqAmAF57-8Bc7Njxa5WyLiAd6fafnkE9f7QNJZhguo1yrQs65GHme92iP3362R7MmM&_nc_ad=z-m&_nc_cid=0&_nc_zt=23&_nc_ht=scontent-lga3-3.cdninstagram.com&_nc_gid=-HgmgPx5LURHUNJKqWMLkQ&_nc_ss=7a22e&oh=00_AQLlbfoqAySzNIshWv26WygFbWNF2gQGgGBf8BTBA13fow&oe=6A996FEC', 'width': 1368, 'height': 2208}]",[],[],[],False,False,,1787968851,2026-08-29T02:00:51.000Z,https://www.threads.com/t/Dcm0LpNARq5,2026-08-30T01:17:47.568Z,Prabowo
post,3972114479152559902,DcfyRLZEvce,adlin.alaniah,,False,"Punya la teruk jerebu, bodoh betul Prabowo 😪",20370,279,985,10,carousel,"[{'type': 'photo', 'url': 'https://scontent-lga3-1.cdninstagram.com/v/t51.82787-15/786768660_17985281082103130_6542961994636700101_n.jpg?stp=cp6_dst-jpegr_e35_tt6&_nc_cat=109&ig_cache_key=Mzk3MjExMzg0MDgyNDkyMDk5Mg%3D%3D.3-ccb7-5&ccb=7-5&_nc_sid=58cdad&efg=eyJ2ZW5jb2RlX3RhZyI6IkNBUk9VU0VMX0lURU0ueHBpZHMuMzA3Mi5oZHIucmVndWxhcl9waG90by5DMyJ9&_nc_ohc=L_j2nfPdBgEQ7kNvwHBtT0g&_nc_oc=Adog4221egAoqFTiRCewg4hbpcw_2xkmKylFODtrAIJpbWKmxTm2gQImiO77TTfgVs4&_nc_ad=z-m&_nc_cid=0&_nc_zt=23&_nc_ht=scontent-lga3-1.cdninstagram.com&_nc_gid=-HgmgPx5LURHUNJKqWMLkQ&_nc_ss=7a22e&oh=00_AQKxdes1InQm_6CreRqX3d1WnyJo-0jaPuvsh5fgLcNc3w&oe=6A995AD9', 'width': 3072, 'height': 4096}, {'type': 'photo', 'url': 'https://scontent-lga3-1.cdninstagram.com/v/t51.82787-15/786811094_17985281091103130_6339084489159466173_n.jpg?stp=cp6_dst-jpegr_e35_tt6&_nc_cat=111&ig_cache_key=Mzk3MjExMzg0ODY1OTg4NjYzMw%3D%3D.3-ccb7-5&ccb=7-5&_nc_sid=58cdad&efg=eyJ2ZW5jb2RlX3RhZyI6IkNBUk9VU0VMX0lURU0ueHBpZHMuMjMwNC5oZHIucmVndWxhcl9waG90by5DMyJ9&_nc_ohc=uzOBnZsudj0Q7kNvwEiZxQr&_nc_oc=AdoTb_gHt2vQD57AHt6N0DP4kJGP2LekWrd0y2pX8bE_YfQ5faaVzD6SduwxfyuQbkE&_nc_ad=z-m&_nc_cid=0&_nc_zt=23&_nc_ht=scontent-lga3-1.cdninstagram.com&_nc_gid=-HgmgPx5LURHUNJKqWMLkQ&_nc_ss=7a22e&oh=00_AQKlDDgVlGgnVLovf7hgHC0hCnCQ9nMWjFqFL6w6akjqhA&oe=6A995590', 'width': 2304, 'height': 4096}]",[],[],[],False,False,,1787732966,2026-08-26T08:29:26.000Z,https://www.threads.com/t/DcfyRLZEvce,2026-08-30T01:17:47.569Z,Prabowo
post,3974124080064453328,Dcm7MuFkVrQ,quent.ta,Quent Taa,False,"Kenapa banyak sekali orang"" yang membenci pak prabowo??
Karena beliau adalah ANCAMAN bagi para PENJAGA- PENJAGA LINGKARAN SETAN!!
NO BUZZER!! NO ACCOUNT FAKE!!
TETAP BERADA DI BARISAN PRABOWO!!
🔥🔥
#stillprabowo
#silentmajority",239,45,1,0,video,"[{'type': 'video', 'url': 'https://scontent-lga3-1.cdninstagram.com/v/t51.71878-15/789651725_1206534788344862_3684641356294521563_n.jpg?stp=dst-jpg_e15_tt6&_nc_cat=109&ig_cache_key=Mzk3NDEyNDA4MDA2NDQ1MzMyOA%3D%3D.3-ccb7-5&ccb=7-5&_nc_sid=58cdad&efg=eyJ2ZW5jb2RlX3RhZyI6IkZFRUQueHBpZHMuNjQwLnNkci52aWRlb19kZWZhdWx0X2NvdmVyX2ZyYW1lLkMzIn0%3D&_nc_ohc=CX1G6BHaqL8Q7kNvwENWb1s&_nc_oc=Ado0lynfvitcH5epaIpKAitHiI-m62gIMybNGMM_08mdfcQQCbi5DjVSfdbwU4zfgVE&_nc_ad=z-m&_nc_cid=0&_nc_zt=23&_nc_ht=scontent-lga3-1.cdninstagram.com&_nc_gid=-HgmgPx5LURHUNJKqWMLkQ&_nc_ss=7a22e&oh=00_AQJfirbfSLs3l0QgqaEcuDcDnysNI3JMXUzTattwZ4Tiqg&oe=6A993E22', 'videoUrl': 'https://scontent-lga3-2.cdninstagram.com/o1/v/t16/f2/m84/AQOxEYDzfGTuRqIgMvAF4MNy1ZbF_OX06Q4O3J0h4qG2Ne5EiODp49oCOv12R4xqRVmfGKcG2trR-uCYYXgKnEj_J-Qa0Ke3_4AOFCA.mp4?_nc_cat=101&_nc_sid=5e9851&_nc_ht=scontent-lga3-2.cdninstagram.com&_nc_ohc=lpSOkwGTDrIQ7kNvwGq4wWl&efg=eyJ2ZW5jb2RlX3RhZyI6Inhwdl9wcm9ncmVzc2l2ZS5JTlNUQUdSQU0uRkVFRC5DMy43MjAuZGFzaF9iYXNlbGluZV8xX3YxIiwieHB2X2Fzc2V0X2lkIjoxNzkzMTQxOTY0NjM3MDUxOCwiYXNzZXRfYWdlX2RheXMiOjAsInZpX3VzZWNhc2VfaWQiOjEwMTY0LCJkdXJhdGlvbl9zIjoyNiwidXJsZ2VuX3NvdXJjZSI6Ind3dyJ9&ccb=17-1&vs=a7d4f41306a7ba51&_nc_vs=HBksFQIYTGlnX2JhY2tmaWxsX3RpbWVsaW5lX3ZvZC9EOTQ5QTVENjRFRTVBQTJEM0JDOTY0NDM5QzA0NzRBQ192aWRlb19kYXNoaW5pdC5tcDQVAALIARIAFQIYUWlnX3hwdl9wbGFjZW1lbnRfcGVybWFuZW50X3YyL0I2NENGQjU3MzlERUM0MUJCNTA4Qjg0RkNEREJDMUIyX2F1ZGlvX2Rhc2hpbml0Lm1wNBUCAsgBEgAoABgAGwKIB3VzZV9vaWwBMRJwcm9ncmVzc2l2ZV9yZWNpcGUBMRUAACasi7ml_6HaPxUCKAJDMywXQDqj1wo9cKQYEmRhc2hfYmFzZWxpbmVfMV92MREAdeoHZeieAQA&_nc_gid=-HgmgPx5LURHUNJKqWMLkQ&_nc_ss=7a22e&_nc_zt=28&oh=00_AQLi6wOOTY7AdctW43WuBE00cxBdz56QHNJDGQaeg6CxjA&oe=6A9549B7', 'width': 720, 'height': 1280, 'hasAudio': True}]","['stillprabowo', 'silentmajority']",[],[],False,False,,1787972667,2026-08-29T03:04:27.000Z,https://www.threads.com/t/Dcm7MuFkVrQ,2026-08-30T01:17:47.569Z,Prabowo
post,3972304378354908729,Dcgdckzkr45,elvoos,E.,False,"prabowo.. lu bener2 ga ada empatinya, dateng ke ntt malah konfirm dapet laporan mbg di ntt bagus, mau dilanjutkan ga?

KAN LAGI GEMPA YA GIMANE ANAK2 MAU SEKOLAH BUSET DAHHH MBG MULU OTAK LU",14081,229,841,8,text,[],[],[],[],False,False,,1787755604,2026-08-26T14:46:44.000Z,https://www.threads.com/t/Dcgdckzkr45,2026-08-30T01:17:47.569Z,Prabowo
post,3974245266215791152,DcnWwNfEeow,robbysukmadjaya,RobbySukma,False,"No noise. No drama.
Still Prabowo",46,6,0,0,photo,"[{'type': 'photo', 'url': 'https://scontent-lga3-1.cdninstagram.com/v/t51.82787-15/785777705_17907266865532108_6667108240572052570_n.jpg?stp=dst-jpg_e35_tt6&_nc_cat=103&ig_cache_key=Mzk3NDI0NTI2NjIxNTc5MTE1Mg%3D%3D.3-ccb7-5&ccb=7-5&_nc_sid=58cdad&efg=eyJ2ZW5jb2RlX3RhZyI6IkZFRUQueHBpZHMuMTI1NC5zZHIucmVndWxhcl9waG90by5DMyJ9&_nc_ohc=bEZGRmDbUE8Q7kNvwGjbhVx&_nc_oc=AdoFLvfhbPiU7ZD9yEXkwbnIcKBtbtInWXWEKWkxOrDr2w8ifS72vj4tBOw9GZe1T5E&_nc_ad=z-m&_nc_cid=0&_nc_zt=23&_nc_ht=scontent-lga3-1.cdninstagram.com&_nc_gid=-HgmgPx5LURHUNJKqWMLkQ&_nc_ss=7a22e&oh=00_AQJVK_4GK9MoaZTchsjeZdfthpxnvYuubWM-WY3I8pi8Rg&oe=6A997106', 'width': 1254, 'height': 1254}]",[],[],[],False,False,,1787986976,2026-08-29T07:02:56.000Z,https://www.threads.com/t/DcnWwNfEeow,2026-08-30T01:17:47.569Z,Prabowo
post,3967689655818758575,DcQELhiEamv,kenandgrat,Ken & Grat,True,Sejago jagonya sales dia gabisa……(isi sendiri),730,178,8,0,text,[],[],[],[],False,False,,1787205486,2026-08-20T05:58:06.000Z,https://www.threads.com/t/DcQELhiEamv,2026-08-30T01:17:47.569Z,Prabowo
post,3967711726414251164,DcQJMsYEsSc,dittanadyas,Aninditta Nadya,True,turunin prabowo,4799,28,41,0,text,[],[],[],[],True,False,,1787208117,2026-08-20T06:41:57.000Z,https://www.threads.com/t/DcQJMsYEsSc,2026-08-30T01:17:47.569Z,Prabowo
post,3970047075967200636,DcYcMgImm18,tkiniesari,Tkini Aj,False,"Lahir di era soeharto
Tumbuh di era habibie
Besar di era gusdur
Mengerti di era megawati
Dewasa di era sby
Stres di era jokowi 
Hampir gila di era prabowo 
 
Sedikit curhatan emak"" Kelahiran th 80 an",585,605,3,1,photo,"[{'type': 'photo', 'url': 'https://scontent-dfw6-2.cdninstagram.com/v/t39.30808-6/784543706_122327084654194243_90856999405879726_n.jpg?stp=cp6_dst-jpg_e35_tt6&_nc_cat=110&ig_cache_key=Mzk3MDA0NzA3NTk2NzIwMDYzNg%3D%3D.3-ccb7-5&ccb=7-5&_nc_sid=58cdad&efg=eyJ2ZW5jb2RlX3RhZyI6IkZFRUQueHBpZHMuMTE1Mi5zZHIucmVndWxhcl9waG90by5DMyJ9&_nc_ohc=9iaKOftCYDQQ7kNvwE-rER8&_nc_oc=Adr1wORNtpMNI6XvszQqLF7tzC9n2Js9fO-we9zbyuIJFCoVyikh2gT4O7qyqEKJKEY&_nc_ad=z-m&_nc_cid=0&_nc_zt=23&_nc_ht=scontent-dfw6-2.cdninstagram.com&_nc_gid=DgwGiXYFwMKVPPvpqZghKQ&_nc_ss=7a22e&oh=00_AQLcrVVyRsXv5pPIqQNK19_OJum-1m8iHzJBz8yeF-CeXA&oe=6A996CCA', 'width': 1152, 'height': 2048}]",[],[],[],False,False,,1787486513,2026-08-23T12:01:53.000Z,https://www.threads.com/t/DcYcMgImm18,2026-08-30T01:18:00.869Z,Megawati
post,3970825254080133260,DcbNIe-mLiM,gonangsusatyo,Gonang Susatyo,False,Lahir 1970. Kuliah di PTN era Soeharto. Kerja di era Habibie dan liputan kampanye PDI-P Megawati. Karier naik di era Gus Dur hingga SBY dan dpt istri cakep. 2 anak cantik2 jg. Kuliahkan anak di PTN dan PTS sampai lulus era Jokowi. Karier istri bagus. Spt nya bila Tuhan izinkan mau mantu di era Prabowo. Ternyata life is beautiful krn bukan presidennya tetapi Tuhan Yesus beserta kami...,213,19,2,0,text,[],[],[],[],True,False,,1787579279,2026-08-24T13:47:59.000Z,https://www.threads.com/t/DcbNIe-mLiM,2026-08-30T01:18:00.869Z,Megawati
post,3974138235152588112,Dcm-atCkV1Q,arydanielll,Ary.,False,"Ini yang mulai pertingkaian Prabowo, Anies, Ganjar siapa sih? Orang gue bela Megawati",6,2,0,0,text,[],[],[],[],False,False,,1787974217,2026-08-29T03:30:17.000Z,https://www.threads.com/t/Dcm-atCkV1Q,2026-08-30T01:18:00.869Z,Megawati
post,3974710068524561817,DcpAb-XkzWZ,_santosoriski,Riski Imam Santoso,False,"pada ga belajar TAP MPR kala itu.
dari Gus Dur ke Megawati.

ya kalau Prabowo dimakzulkan ya Gibran naik, kan Wapres.
Gibran dimakzulkan jg, lalu 02 naik? tidak.

lewat Triumvirat dulu selagi MPR memutuskan.

namun, suara di DPR terkuat ada di PDIP, GOLKAR dan PKB.
namun yg dipilih adalah “KETUM”.
maka BAHLIL yg naik

mau sesuai ikutin Konstitusi kan?
apa ikut-ikutan untuk nabrak Konstitusi jg paksa untuk 02 naik.

PEMILU ulang ya Prabowo lengser, Gibran habiskan masa jabatannya dulu.",8,3,0,0,text,[],[],[],[],False,False,,1788042385,2026-08-29T22:26:25.000Z,https://www.threads.com/t/DcpAb-XkzWZ,2026-08-30T01:18:00.869Z,Megawati
post,3973553158106598716,Dck5YtlE008,anisafajar98,Anisa Fajar,True,"Gue Lahir 1998, pas negara lagi full drama katanya. 😭

Yang masih ingat 1998, spill dong… waktu itu Indonesia lagi ada apa aja? Biar yang lahir belakangan nggak cuma tahu dari buku sejarah. ✨",381,556,17,3,text,[],[],[],[],False,False,,1787904470,2026-08-28T08:07:50.000Z,https://www.threads.com/t/Dck5YtlE008,2026-08-30T01:18:00.869Z,Megawati
post,3974235253555461214,DcnUegeAfxe,asta_ardyana,Asta,False,"Di Bali gaada rusuh 98 dek. Justru Chindo pada eksodus ke Bali.

Yang ada rusuh 99 waktu Megawati kalah pemilu",24,6,0,0,text,[],[],[],[],True,False,,1787985782,2026-08-29T06:43:02.000Z,https://www.threads.com/t/DcnUegeAfxe,2026-08-30T01:18:00.869Z,Megawati
post,3970561768481339066,DcaROQ5E7a6,budip6809,Budi Purwanto,False,"Mega wanita rakus sama dengan ayahnya, terlihat wajah wanita penipu yang di tipu oleh penipu dari solo",236,27,0,0,text,[],[],[],[],True,False,,1787547869,2026-08-24T05:04:29.000Z,https://www.threads.com/t/DcaROQ5E7a6,2026-08-30T01:18:00.869Z,Megawati
post,3970676857027797533,DcarZBdAaId,sudarini.rini,Rini Galuh,False,Ooo kamu kl gak ada ayahnya megawati.....km gak bs sprti sekrng ini......ngomong tuh mbok pakai otak.... sukarno tuh kl mau kaya  bs banget....cm sukarno itu orangnya merakyat..... mknya sp dikianati suharto ...... anaknya sukarno ada gak yg kaya sprti anak suharto.. ..7 turunan...,48,32,0,0,text,[],[],[],[],True,False,,1787561588,2026-08-24T08:53:08.000Z,https://www.threads.com/t/DcarZBdAaId,2026-08-30T01:18:00.869Z,Megawati
post,3962269015084067194,Db8zq0cn2l6,blackbea_t2r,เทเร,False,"MANIPULASI EKSPOR PT TPL

PT TPL yang dimaksud PT Toba Pulp Lestari yang dulu dibuka lagi era Megawati, ditutup era Pak Prabowo. Yang dulu katanya pemilik PT TPL smpe datang ke Davos, Swiss buat ketemu Pak Prabowo. PT TPL jg salah satu penyebab bencana Sumatra.

Skrg 2 pegawai pajak ditangkap terkait korupsi transfer pricing PT TPL...Manizzz bener 😎😎

🇮🇩",19,2,3,0,carousel,"[{'type': 'photo', 'url': 'https://scontent-dfw5-1.cdninstagram.com/v/t51.82787-15/772264752_17912241639442782_1751041624708701189_n.webp?_nc_cat=105&ig_cache_key=Mzk2MjI2NjQzMDQyMjU2NTU4MQ%3D%3D.3-ccb7-5&ccb=7-5&_nc_sid=58cdad&efg=eyJ2ZW5jb2RlX3RhZyI6IkNBUk9VU0VMX0lURU0ueHBpZHMuMTA1MC5zZHIucmVndWxhcl9waG90by5DMyJ9&_nc_ohc=7SjZff2pxEIQ7kNvwFYMk8J&_nc_oc=AdrQXYTTzt_bF__Ra9KRSoVTzh0BkOAkxBnCTIkhBKh3k2lHDqddxZmMAVmAH2hd8Cc&_nc_ad=z-m&_nc_cid=0&_nc_zt=23&_nc_ht=scontent-dfw5-1.cdninstagram.com&_nc_gid=DgwGiXYFwMKVPPvpqZghKQ&_nc_ss=7a22e&oh=00_AQI9cpl3Xk9SGNCHKgfeXffjsI5INlMCjE5uzVzx8V_2Aw&oe=6A993D64', 'width': 1050, 'height': 766}, {'type': 'photo', 'url': 'https://scontent-dfw6-2.cdninstagram.com/v/t51.82787-15/774018388_17912241648442782_8542069816627668723_n.webp?_nc_cat=110&ig_cache_key=Mzk2MjI2NjQzMDM1NTI5MDkwOA%3D%3D.3-ccb7-5&ccb=7-5&_nc_sid=58cdad&efg=eyJ2ZW5jb2RlX3RhZyI6IkNBUk9VU0VMX0lURU0ueHBpZHMuMTA2MS5zZHIucmVndWxhcl9waG90by5DMyJ9&_nc_ohc=kFKNRR6s15oQ7kNvwEKUsAr&_nc_oc=AdpdOItfIas-ju5dxdMybIoUOUV748JAYlIZCiseGbKCRa-0CX5zoZCJlFjPWAdKwQs&_nc_ad=z-m&_nc_cid=0&_nc_zt=23&_nc_ht=scontent-dfw6-2.cdninstagram.com&_nc_gid=DgwGiXYFwMKVPPvpqZghKQ&_nc_ss=7a22e&oh=00_AQK9KtyujuD7KL77DdMLI41Lk3p5By_POGGfy17h-TGR4Q&oe=6A995EE4', 'width': 1061, 'height': 1169}, {'type': 'photo', 'url': 'https://scontent-dfw6-1.cdninstagram.com/v/t51.82787-15/773013849_17912241630442782_8116390385673226418_n.webp?_nc_cat=103&ig_cache_key=Mzk2MjI2NjQzMDI5NjY4MzU4Mw%3D%3D.3-ccb7-5&ccb=7-5&_nc_sid=58cdad&efg=eyJ2ZW5jb2RlX3RhZyI6IkNBUk9VU0VMX0lURU0ueHBpZHMuMTA3OC5zZHIucmVndWxhcl9waG90by5DMyJ9&_nc_ohc=pUnaaD9kTuQQ7kNvwEb12WW&_nc_oc=Adq095K-AyRlgpIYGF6-Eh5EwZVWhsTE8YbJ67l1PCH1vBO9dqrQVF56qijnHoofNAs&_nc_ad=z-m&_nc_cid=0&_nc_zt=23&_nc_ht=scontent-dfw6-1.cdninstagram.com&_nc_gid=DgwGiXYFwMKVPPvpqZghKQ&_nc_ss=7a22e&oh=00_AQIbB6x42u-hdFvQ9Nhjk_N3woFoQ8uk0sA97zAhpsZ_qA&oe=6A993BA9', 'width': 1078, 'height': 1355}]",[],[],[],False,False,,1786559296,2026-08-12T18:28:16.000Z,https://www.threads.com/t/Db8zq0cn2l6,2026-08-30T01:18:00.869Z,Megawati
post,3974400519511213543,Dcn6DcYmAXn,faniiyasaa,Fani Yasa,False,Lagi SBY kak,148,5,0,0,photo,"[{'type': 'photo', 'url': 'https://scontent-dfw6-2.cdninstagram.com/v/t51.82787-15/785265649_17978478093106140_7110226913057493603_n.webp?_nc_cat=108&ig_cache_key=Mzk3NDQwMDUxOTUxMTIxMzU0Mw%3D%3D.3-ccb7-5&ccb=7-5&_nc_sid=58cdad&efg=eyJ2ZW5jb2RlX3RhZyI6IkZFRUQueHBpZHMuMjMwNC5zZHIucmVndWxhcl9waG90by5DMyJ9&_nc_ohc=F5KYfnZxrlgQ7kNvwHZR_Yj&_nc_oc=AdouasZN9wVHz2oE8kFL45DJ1rzdWaAq73odRIetBFazl_d7Fo74UvrMKf1fNCA2Low&_nc_ad=z-m&_nc_cid=0&_nc_zt=23&_nc_ht=scontent-dfw6-2.cdninstagram.com&_nc_gid=DgwGiXYFwMKVPPvpqZghKQ&_nc_ss=7a22e&oh=00_AQLRPuwFQFjjdoUh9zspnq97m2wGTY0RxbTpPUc4NgHiFQ&oe=6A996481', 'width': 2304, 'height': 4096}]",[],[],[],True,False,,1788005484,2026-08-29T12:11:24.000Z,https://www.threads.com/t/Dcn6DcYmAXn,2026-08-30T01:18:00.869Z,Megawati
post,3974534928281860270,DcoYnWTn3iu,miyozaki399,,False,"Kalo megawati apa ya kak?

Masa nyeruduk...😭😭😭",0,2,0,0,text,[],[],[],[],True,False,,1788021506,2026-08-29T16:38:26.000Z,https://www.threads.com/t/DcoYnWTn3iu,2026-08-30T01:18:00.869Z,Megawati
post,3972671687036697881,Dchw9nrEv0Z,ekasatrp,Eka Panjinegara,False,"Nonton Bocor Alus wawancara Jokowi udah kayak nonton Game of Thrones jir. Semua kalimatnya, bahasa tubuhnya ada artinya semua.

Misal

 ""semua info yang Tempo beritakan kadang masih A4 tapi kalian bilangnya sudah A1""

artinya

 ""Kalian pintar, karena kalian pintar atau karena kalian merasa pintar?""",10632,834,504,24,text,[],[],[],[],False,False,,1787799391,2026-08-27T02:56:31.000Z,https://www.threads.com/t/Dchw9nrEv0Z,2026-08-30T01:18:00.869Z,Megawati
post,3972741466506356582,DciA1C3k2dm,fuadseg,fuad segara,False,"1. Dia itu yg penting tujuan tercapai, gak peduli prosesnya
2. Dia lihai ngatur bidak catur dg pion2nya
3. Dia pantang menyerah
4. Satu2nya yg belum berhasil dia taklukan adalah Megawati, makanya dia benci bgt
5. Dia gak winrate 100%, buktinya PSI ga lolos ke Senayan",422,11,3,0,text,[],[],[],[],True,False,,1787807709,2026-08-27T05:15:09.000Z,https://www.threads.com/t/DciA1C3k2dm,2026-08-30T01:18:00.869Z,Megawati
